순번,의료기관명,의료기관 분류,의료기관 주소,Latitude,Longitude,의료기관 전화번호
1,강남세종한방병원,한방병원,세종특별자치시  대평동 694번지 알파메디컬센터,36.4715517,127.2763529,044-863-7775
2,세종하이한방병원,한방병원,세종특별자치시 갈매로 58,36.4710345,127.2754419,044-999-1999
3,서울현병원,병원,세종특별자치시 나성북로 15,36.4897308,127.2584009,1600-5626
4,아름드리나무어린이병원,병원,세종특별자치시 보듬3로 101,36.5113991,127.2484173,044-715-7200
5,세종경희한방병원,한방병원,세종특별자치시 대평4길 17,36.4732571,127.2759751,044-414-9599
6,오케이한방병원,한방병원,세종특별자치시 한누리대로 331,36.4939302,127.2558473,1668-0090
7,세종충남대학교병원,종합병원,세종특별자치시 보듬7로 20,36.5195969,127.2581135,1800-3114
8,트리니움여성병원,병원,세종특별자치시 한누리대로 1934,36.4921056,127.3029201,044-270-0114
9,의료법인 영제 의료재단 엔케이세종병원,종합병원,세종특별자치시 한누리대로 161,36.4796202,127.2622587,044-850-7700
10,단국대학교 치과대학 세종치과병원,치과병원,세종특별자치시 도움8로 87,36.5043979,127.2711385,044-410-5000
11,의료법인은혜의료재단 은혜병원,정신병원,세종특별자치시 연서면 효교로 135-30,36.5704843,127.2384069,044-868-5004
12,운주산성요양병원,요양병원(일반요양병원),세종특별자치시 전동면 모산고개길 96-25,36.6689471,127.2243368,1544-0240
13,조치원노인전문병원,요양병원(일반요양병원),세종특별자치시 연서면 도신고복로 789-17,36.6131897,127.2377661,044-862-7607
14,의료법인 선은의료재단 중앙요양병원,요양병원(일반요양병원),세종특별자치시 조치원읍 섭골길 37,36.6134044,127.2884773,044-865-0066
15,류마플러스내과의원,의원,"세종특별자치시 한누리대로 499, 청암빌딩 401호 (어진동)",36.5073391,127.2622843,044-715-7550
16,정담한의원,한의원,"세종특별자치시 한누리대로 245, 에스알파크원 203호 (나성동)",36.4837102,127.2649027,044-864-5657
17,더본한의원,한의원,"세종특별자치시 소담로 93, 아이콤스타시티타워 205,206,207호 (소담동)",36.4858668,127.3013816,044-862-7506
18,청담와이즈의원,의원,"세종특별자치시 한누리대로 499, 청암빌딩 403호 (어진동)",36.5073391,127.2622843,044-868-7575
19,가온한의원,한의원,"세종특별자치시 한누리대로 492, 청암홈빌딩 306호 (어진동)",36.5073908,127.262295,044-866-1998
20,세종대왕한의원,한의원,"세종특별자치시 도움3로 105-5, 종촌 중앙프라자 204,205,206호 (종촌동)",36.504743,127.2494236,044-863-8279
21,세종미체원365의원,의원,"세종특별자치시 한누리대로 1834, 401,402,403호 (반곡동)",36.4920077,127.3115268,044-865-3651
22,아워스한의원,한의원,"세종특별자치시 한누리대로 253, 에스빌딩 202호 (나성동)",36.4837425,127.2651176,044-905-0445
23,라메종의원,의원,"세종특별자치시 해밀3로 43, 스카이드림 503호 (해밀동)",36.5284833,127.2646737,044-715-7878
24,경희피어라한의원,한의원,"세종특별자치시 아름서1길 13-12, 세종 제이디빌딩 203호 (아름동)",36.5116352,127.2432425,044-864-0712
25,백룡의원,의원,세종특별자치시 금남면 채나무길 71,36.4262106,127.2689444,042-829-6171
26,백룡치과의원,치과의원,세종특별자치시 금남면 채나무길 71,36.4262106,127.2689444,042-829-6171
27,세종서울정신건강의학과의원,의원,"세종특별자치시 보듬3로 143, 대영프라자 603호 (아름동)",36.5115351,127.243696,044-715-5432
28,세종정신건강의학과의원,의원,"세종특별자치시 한누리대로 350, 뱅크빌딩 4층 404호 (어진동)",36.4954676,127.2569976,070-5029-1449
29,서울온가족치과의원,치과의원,"세종특별자치시 한누리대로 1844, 404,405,406호 (반곡동)",36.4976987,127.3087878,044-862-2275
30,세종이엠365의원,의원,"세종특별자치시 국세청로 32, 마크원애비뉴 D-406,407,410,411,412,413A,413B,414A,414B,415, C-401 (나성동)",36.4862596,127.2630024,044-863-7119
31,싱긋삼성이비인후과의원,의원,"세종특별자치시 다정중앙로 52, 페스티발2 507,508,509호 (다정동)",36.4951769,127.2492548,044-998-9274
32,세종해밀한의원,한의원,"세종특별자치시 해밀3로 51, 스카이허브 402호 (해밀동)",36.5293927,127.264881,044-715-5488
33,박정준한의원,한의원,"세종특별자치시 고운서길 7, 골드프라자 202호 (고운동)",36.5053105,127.2347662,044-862-1070
34,이은석한의원,한의원,"세종특별자치시 한누리대로 2165, 호려울마을7단지 근린생활시설 A-424,425호 (보람동)",36.4762303,127.2870069,044-903-1229
35,화인마취통증의학과의원,의원,"세종특별자치시 한누리대로 249, 에스제이타워 508,509호 (나성동)",36.4845984,127.2584531,044-715-5875
36,연세하트내과의원,의원,"세종특별자치시 새롬중앙로 59, 새롬빌딩 5층 502,503호 (새롬동)",36.4860757,127.2503182,044-715-7580
37,에스지연합의원,의원,"세종특별자치시 갈매로 58, 황산프라자 5층 501~511호 (대평동)",36.4710747,127.2752964,044-864-9991
38,강남세종치과의원,치과의원,"세종특별자치시 마음로 264, 고운프라자 2층 205호 (고운동)",36.5192791,127.2346597,044-864-8111
39,동행의원한의원,의원,"세종특별자치시 한누리대로 265, 명동프라자 601,602,603일부호 (나성동)",36.487784,127.2566555,044-868-9935
40,동행의원한의원,한의원,"세종특별자치시 한누리대로 265, 명동프라자 601,602,603일부호 (나성동)",36.487784,127.2566555,044-868-9935
41,퍼스트한의원,한의원,"세종특별자치시 나성북로 30, 퍼스트원 628,629,630,631호 (나성동)",36.4901712,127.2594252,044-417-7875
42,로안한의원,한의원,"세종특별자치시 한누리대로 1844, 402,403호 (반곡동)",36.4920077,127.3115268,044-866-7579
43,세종온정성한의원,한의원,"세종특별자치시 나성북1로 12, 메가타워2 301호 (나성동)",36.4909896,127.2576193,044-866-1207
44,허브힐한의원,한의원,"세종특별자치시 해밀3로 51, 스카이허브 3층 301호 (해밀동)",36.5293927,127.264881,044-862-7975
45,아름튼튼정형외과의원,의원,"세종특별자치시 보듬3로 92, 해피라움2 3층 301,302,315호 (아름동)",36.511737,127.2497282,044-715-5375
46,코난소아청소년과의원,의원,"세종특별자치시 남세종로 73, 1층 109,110호 (집현동)",36.5057626,127.3186108,044-715-7551
47,어진서부한의원,한의원,"세종특별자치시 한누리대로 411, KT&G세종타워A 2층 3호 (어진동)",36.5060569,127.2741415,044-960-5333
48,연세더아름의원,의원,"세종특별자치시 보듬3로 101, 2층 203,204,205호 (아름동)",36.5113991,127.2484173,044-715-7911
49,마음현정신건강의학과의원,의원,"세종특별자치시 한누리대로 275, 형성프라자 6층 606,607호 (나성동)",36.4887389,127.2562539,044-862-3217
50,범지기한의원,한의원,"세종특별자치시 보듬3로 101, 2층 201,202호 (아름동)",36.5113991,127.2484173,044-998-0700
51,김종열한의원,한의원,"세종특별자치시 한누리대로 2275, 알파메디컬센터 3층 312,313호 (대평동)",36.4715517,127.2763529,070-7576-7077
52,더블유세종어진건강의원,의원,"세종특별자치시 한누리대로 350, 뱅크빌딩 4층 401호 (어진동)",36.4954676,127.2569976,044-715-5262
53,꿈담소아청소년과의원,의원,"세종특별자치시 마음로 264, 고운프라자 2층 201-1호, 201-2호 (고운동)",36.5193283,127.2346596,044-715-7545
54,중앙소아청소년과의원,의원,"세종특별자치시 한누리대로 2257, 판타지타워 404, 405호 (대평동)",36.4726802,127.2778762,044-715-7475
55,세종위드정형외과의원,의원,"세종특별자치시 한누리대로 265, 명동프라자 7층 701,702,703호 (나성동)",36.4789573,127.2630511,044-715-7574
56,손근형소아청소년과의원,의원,"세종특별자치시 나성북로 30, 퍼스트원 632,633,634,635호 (나성동)",36.4901712,127.2594252,044-715-5975
57,봄봄 이비인후과의원,의원,"세종특별자치시 마음로 78, 세종 스마트큐브Ⅱ 203,204호 (고운동)",36.5055595,127.2337274,044-715-5915
58,메디캐치 정형외과의원,의원,"세종특별자치시  마음로 272-17, 세종 NS타워 3차 4층 (고운동)",36.5184993,127.235275,044-417-6273
59,메디캐치의원,의원,"세종특별자치시  마음로 272-17, 세종NS타워 3차 3층 (고운동)",36.5184993,127.235275,044-417-6271
60,연세나무 정신건강의학과의원,의원,"세종특별자치시 나성북로 30, 퍼스트원 533,534,535,547,548,549호 (나성동)",36.4901712,127.2594252,044-865-5272
61,아이맘편작한의원,한의원,"세종특별자치시 절재로 194, 중앙타운 5층 512호 (어진동)",36.5082505,127.2624711,044-864-8375
62,윤빛소아청소년과의원,의원,"세종특별자치시 해밀3로 43, 스카이드림 303호 (해밀동)",36.5284833,127.2646737,044-865-8124
63,동행정신건강의학과의원,의원,"세종특별자치시 절재로 194, 중앙타운 704호 (어진동)",36.5082505,127.2624711,044-867-7579
64,소담에스정형외과의원,의원,"세종특별자치시 한누리대로 2022, 아이콤스타타워 301,302,303,308호 (소담동)",36.4844944,127.2991099,044-867-8400
65,위하는내과의원,의원,"세종특별자치시 한누리대로 1844, 행복드림타워 301~305호 (반곡동)",36.4925717,127.3117725,044-715-5110
66,세종이지항외과의원,의원,"세종특별자치시 한누리대로 331, 3층 320~323호 (나성동, SR파크센텀)",36.4902234,127.2661866,044-863-6131
67,서울봄빛안과의원,의원,"세종특별자치시 한누리대로 265, 명동프라자 603~607호 (나성동)",36.487784,127.2566555,044-865-1400
68,서울아산재활의학과의원,의원,"세종특별자치시 절재로 194, 중앙타운 4층 406호 (어진동)",36.5082505,127.2624711,044-715-7591
69,동경한의원,한의원,"세종특별자치시 소담3로 8, 새샘마을7단지 근린생활시설 1층 5호 (소담동)",36.4863535,127.2997441,044-865-7573
70,송창헌내과의원,의원,"세종특별자치시 한누리대로 275, 형성프라자 405,406,407호 (나성동)",36.4864249,127.2609,044-866-0966
71,세종장사랑내과의원,의원,"세종특별자치시 보듬3로 158, 아름메디컬센터 4층 401~405호 (아름동)",36.51231,127.2422535,044-715-7520
72,세종톡스앤필의원,의원,"세종특별자치시 한누리대로 253, 에스빌딩 501호 (나성동)",36.4820684,127.2625457,044-414-9200
73,백헌한의원,한의원,"세종특별자치시 한누리대로 1828, 시드니블루 407,408호 (반곡동)",36.4979957,127.3116281,044-415-1802
74,세종스노우의원,의원,"세종특별자치시 나성북로 30, 퍼스트원 550~562호 (나성동)",36.4901712,127.2594252,044-903-3090
75,클레르피부과의원,의원,"세종특별자치시 한누리대로 1820, 왕관빌딩 401,402,403-1호 (반곡동)",36.4979212,127.3129477,044-715-5910
76,유디치과의원,치과의원,"세종특별자치시 나성로 38, 세종가로수길 A301,A302a,A302,A303호 (나성동)",36.4868639,127.2602904,044-715-7188
77,마인드랩공간정신건강의학과의원,의원,"세종특별자치시 한누리대로 265, 명동프라자 406~407호 (나성동)",36.4864249,127.2609,044-715-5670
78,세종꾸러기소아치과의원,치과의원,"세종특별자치시 한누리대로 2012, 코끼리타워 301,302,303호 (소담동)",36.4853735,127.2998425,044-417-6991
79,세종바른유외과의원,의원,"세종특별자치시 한누리대로 169, 세종행복타워 503~505호 (나성동)",36.4801079,127.2617862,044-998-7575
80,평강한의원,한의원,"세종특별자치시 연기면 당산로 121, 2층",36.5447145,127.2768214,044-864-8270
81,삼성밸런스이비인후과의원,의원,"세종특별자치시 아름서1길 13-12, 세종 제이디빌딩 201,202호 (아름동)",36.5116352,127.2432425,044-715-7517
82,오케이마취통증의학과의원,의원,"세종특별자치시 조치원읍 새내8길 7, 3~4층",36.5994765,127.2989092,044-867-7575
83,세종수이비인후과의원,의원,"세종특별자치시 해밀3로 43, 스카이드림 501,502호 (해밀동)",36.5284833,127.2646737,044-715-7730
84,삼성미의원,의원,"세종특별자치시 도움1로 108, 몰리브(Mallive) 4층 405~406호 (종촌동)",36.5025906,127.2475653,044-868-7570
85,세종센텀한의원,한의원,"세종특별자치시 해밀3로 43, 스카이드림 3층 301,302호 (해밀동)",36.5284833,127.2646737,044-868-6882
86,세종스카이내과의원,의원,"세종특별자치시 해밀3로 43, 스카이드림 6층 602,603,604호 (해밀동)",36.5288454,127.2649848,044-715-7320
87,연세해밀치과의원,치과의원,"세종특별자치시 해밀3로 43, 스카이드림 504호 (해밀동)",36.5284833,127.2646737,044-863-2879
88,유스앤영서울뷰의원,의원,"세종특별자치시 나성로 96, 더센트럴 519호 (나성동)",36.4876899,127.2610197,044-715-5199
89,세종365의원,의원,"세종특별자치시 한누리대로 1958, 법조타운A 4층 401~410호 (소담동)",36.4896124,127.3022023,1661-3561
90,당신의치과의원,치과의원,"세종특별자치시 해밀3로 51, 스카이허브 404,405호 (해밀동)",36.5293927,127.264881,044-862-0028
91,허브연합내과의원,의원,"세종특별자치시 해밀3로 51, 스카이허브 303,304호 (해밀동)",36.5293927,127.264881,044-715-7588
92,마음편한치과의원,치과의원,"세종특별자치시 남세종로 458, 아리랑빌딩 303호 (보람동)",36.4770449,127.2892331,044-867-2804
93,세종365치과의원,치과의원,"세종특별자치시 한누리대로 245, 에스알파크원 402,403호 (나성동)",36.485615,127.2623713,044-715-5365
94,여담한의원,한의원,"세종특별자치시 도움8로 91, 세종마치 402호 (어진동)",36.5040516,127.271756,044-715-5868
95,이도치과의원,치과의원,"세종특별자치시 한누리대로 275, 형성프라자 501,502,503호 (나성동)",36.4887389,127.2562539,044-867-7525
96,덴탈365치과의원,치과의원,"세종특별자치시 한누리대로 1958, 법조타운A 3층 301~310호 (소담동)",36.4896124,127.3022023,1661-3275
97,삼성필성형외과의원,의원,"세종특별자치시 한누리대로 265, 명동프라자 3층 (나성동)",36.487784,127.2566555,044-867-1233
98,리더본재활의학과의원,의원,"세종특별자치시 나성북로 30, 퍼스트원 6층 648호~655호 (나성동)",36.4901712,127.2594252,044-865-0700
99,태이재한의원,한의원,"세종특별자치시 한누리대로 2009, 펠리체타워2 203호 (소담동)",36.4849521,127.3006875,044-415-1919
100,블리비의원,의원,"세종특별자치시 한누리대로 275, 형성프라자 301호~303호 (나성동)",36.4887389,127.2562539,1833-7390
101,연세미니성형외과의원,의원,"세종특별자치시 한누리대로 273, 새롬씨티 502호, 503호 (나성동)",36.4885028,127.2566582,044-867-3655
102,크리미의원,의원,"세종특별자치시 다정중앙로 46, 2층 (다정동)",36.4944798,127.2493095,044-715-7750
103,세종튼튼한의원,한의원,"세종특별자치시 한누리대로 2257, 판타지타워 205호 (대평동)",36.4726802,127.2778762,044-868-0020
104,자인한의원,한의원,"세종특별자치시 새롬중앙로 63, 세종온누리타워 202호,203호 (새롬동)",36.486443,127.2501465,044-272-8875
105,세종시청점오라클피부과의원,의원,"세종특별자치시 한누리대로 2143, 금강시티타워 204~206호 (보람동)",36.4779787,127.2885798,044-715-7716
106,굿제이산부인과의원,의원,"세종특별자치시 절재로 194, 중앙타운 303호 (어진동)",36.5082505,127.2624711,044-715-7677
107,센텀비뇨기과의원,의원,"세종특별자치시 한누리대로 2149, 엔젤타워 404호~407호 (보람동)",36.4776782,127.2878081,044-867-6553
108,하늘소아청소년과의원,의원,"세종특별자치시 한누리대로 1820, 왕관빌딩 314-2,315,404,405-1호 (반곡동)",36.4979258,127.3090442,044-867-5151
109,앨리스치과의원,치과의원,"세종특별자치시 한누리대로 265, 명동프라자 5층 (나성동)",36.487784,127.2566555,044-417-1511
110,세종조은내과의원,의원,"세종특별자치시 한누리대로 1828, 시드니블루 401호,402호 (반곡동)",36.4979957,127.3116281,044-715-7570
111,노블클라쎄산부인과의원,의원,"세종특별자치시 한누리대로 2165, 호려울마을7단지 근린생활시설 752동 A302~308-1, A315~A320호 (보람동)",36.4767014,127.2867915,044-866-3575
112,바른뿌리치과의원,치과의원,"세종특별자치시 조치원읍 새내8길 7, 2층",36.5994765,127.2989092,044-868-2804
113,유웰비뇨의학과의원,의원,"세종특별자치시 한누리대로 265, 명동프라자 501~504호 (나성동)",36.487784,127.2566555,1588-8163
114,한솔한의원,한의원,"세종특별자치시 누리로 110, 403,404호 (한솔동)",36.4799159,127.2530726,044-863-4455
115,메디컬뱅크치과의원,치과의원,"세종특별자치시 한누리대로 350, 뱅크빌딩 4층 2호 (어진동)",36.4954676,127.2569976,044-862-2873
116,디어트치과의원,치과의원,"세종특별자치시 한누리대로 2275, 알파메디컬센터 303~306호 (대평동)",36.4715517,127.2763529,1522-1998
117,세미이비인후과의원,의원,"세종특별자치시 한누리대로 1824, 3층 301~303,308호 (반곡동)",36.4925338,127.308173,044-715-7560
118,따뜻한 정신건강의학과의원,의원,"세종특별자치시 한누리대로 2257, 판타지타워 304호 (대평동)",36.4726802,127.2778762,044-715-7507
119,웰가정의학과의원,의원,"세종특별자치시 조치원읍 도원2로 39, 3층",36.5927073,127.2870141,044-868-7507
120,이도내과의원,의원,"세종특별자치시 한누리대로 2143, 금강시티타워 403~404호 (보람동)",36.4779787,127.2885798,044-905-2500
121,세종튼튼치과의원,치과의원,"세종특별자치시 한누리대로 1824, 401,402호 (반곡동)",36.4983247,127.3126186,044-866-2007
122,세종코아이비인후과의원,의원,"세종특별자치시 마음로 272-4, 고운메디프라자 201호 (고운동)",36.519594,127.2353454,044-868-7585
123,반곡한의원,한의원,"세종특별자치시 한누리대로 1824, 조이프라자 405~406호 (반곡동)",36.4976987,127.3087878,044-216-6200
124,유앤성부부치과의원,치과의원,"세종특별자치시 한누리대로 1820, 왕관빌딩 407~408호 (반곡동)",36.4981148,127.3132612,044-862-7522
125,우리메디컬의원,의원,"세종특별자치시 고운서길 19, 세종 스마트큐브Ⅰ 301~303,305~308호 (고운동)",36.505846,127.2339926,044-868-5375
126,세종맑은이비인후과의원,의원,"세종특별자치시 도움3로 105-7, 메디케어빌딩 301호 (종촌동)",36.5044345,127.2496036,044-862-2358
127,로뎀소아청소년과의원,의원,"세종특별자치시 다정중앙로 52, 페스티발2 402~404호 (다정동)",36.4951769,127.2492548,044-863-0033
128,성진한의원,한의원,"세종특별자치시 다정중앙로 57, 다정센타프라자 203호 (다정동)",36.4956245,127.2485187,044-903-0525
129,종촌제일연합내과의원,의원,"세종특별자치시 도움1로 106, 메가시티 610,615-1호 (종촌동)",36.5026811,127.2481373,044-715-7511
130,아낌없이주는나무한의원,한의원,"세종특별자치시 한누리대로 1820, 왕관빌딩 503-1,503-2,504호 (반곡동)",36.4981148,127.3132612,044-865-0002
131,생생당한의원,한의원,"세종특별자치시 한누리대로 2144, 스마트허브Ⅱ 301호 (보람동)",36.4789594,127.2881574,044-868-3284
132,바른치과의원,치과의원,"세종특별자치시 한누리대로 253, 에스빌딩 502호 (나성동)",36.4819971,127.2622905,044-868-2882
133,세종이안과의원,의원,"세종특별자치시 새롬중앙로 62-15, 해피라움W 403,404호 (새롬동)",36.4869109,127.2511677,044-868-7228
134,세종김연수피부과의원,의원,"세종특별자치시 새롬중앙로 64, 세종영광프라자 4층 402호 (새롬동)",36.4865899,127.2510153,044-866-7534
135,세종탑재활의학과의원,의원,"세종특별자치시 한누리대로 2018, 사이언스타운 501호, 506~508호호 (소담동)",36.4847449,127.2993181,044-864-1620
136,세종드림치과의원,치과의원,"세종특별자치시 한누리대로 2143, 금강시티타워 405,406호 (보람동)",36.4779787,127.2885798,044-868-2815
137,황실치과의원,치과의원,"세종특별자치시 한누리대로 2281, SM메디컬센터 410호 (대평동)",36.4712307,127.2758225,044-866-2888
138,세종하이치과의원,치과의원,"세종특별자치시 한누리대로 1828, 시드니블루 403호,404호호 (반곡동)",36.4980135,127.3117466,044-862-7700
139,동인한의원,한의원,"세종특별자치시 호려울로 19, 스마트허브Ⅲ 304호 (보람동)",36.4773617,127.2889044,044-715-7512
140,수앤미의원,의원,"세종특별자치시 한누리대로 583, 도담센트럴프라자 4층 401,402호 (도담동)",36.513621,127.2596533,044-865-1174
141,정석이비인후과의원,의원,"세종특별자치시 조치원읍 새내로 97, 조치원메디컬센터 502호",36.6003728,127.2980352,044-715-7579
142,이편한홍치과의원,치과의원,세종특별자치시 연서면 봉암길 8,36.5621137,127.2825989,044-862-2811
143,서울이사랑치과의원,치과의원,"세종특별자치시 조치원읍 세종로 2282, 3층 302,303호",36.591019,127.2922397,044-864-2840
144,유성연합의원,의원,세종특별자치시 조치원읍 새내로 132,36.6036134,127.2979214,044-868-6617
145,세종양지한의원,한의원,"세종특별자치시 다정중앙로 39, 다정센터프라자2 401,402호 (다정동)",36.4940293,127.2484494,044-868-5003
146,더브라운치과의원,치과의원,"세종특별자치시 마음로 272-3, 고운에듀프라자 303,304호 (고운동)",36.519717,127.2358544,044-865-2929
147,세종서울정형외과의원,의원,"세종특별자치시 한누리대로 492, 청암빌딩 403,404,407호 (어진동)",36.5073391,127.2622843,044-862-8833
148,비쥬얼피부과의원,의원,"세종특별자치시 한누리대로 273, 새롬씨티 3층 302,303,304호 (나성동)",36.4894557,127.2669165,044-715-7585
149,더공감정신건강의학과의원,의원,"세종특별자치시 한누리대로 2135, 스타힐타워1 304호 (보람동)",36.4782996,127.2892998,044-715-7678
150,다정서문365정형외과의원,의원,"세종특별자치시 다정중앙로 52, 페스티발2 605~614호 (다정동)",36.4951769,127.2492548,044-865-1039
151,참좋은서울아산내과의원,의원,"세종특별자치시 다정중앙로 58, 다정메디프라자 5층 502~505호 (다정동)",36.495623,127.249222,044-866-5900
152,소신내과의원,의원,"세종특별자치시 한누리대로 589, 해피라움7 304,305-1,305-2,305-3,702-1,702-2호(도담동) (도담동)",36.5159063,127.2584286,044-862-8875
153,핑크유외과의원,의원,"세종특별자치시 한누리대로 492, 청암홈빌딩 501~504호 (어진동)",36.5074567,127.2595307,044-417-6688
154,목은한의원,한의원,"세종특별자치시 한누리대로 169, 세종행복타워 302호 (나성동)",36.4801079,127.2617862,044-868-4775
155,본한의원,한의원,"세종특별자치시 한누리대로 2135, 스타힐타워1 201,202호 (보람동)",36.4782996,127.2892998,044-862-7755
156,세종뷰티의원,의원,"세종특별자치시 한누리대로 492, 청암빌딩 405,406호 (어진동)",36.5073391,127.2622843,044-863-0492
157,잇츠미의원,의원,"세종특별자치시 한누리대로 253, 에스빌딩 302~304호 (나성동)",36.4894557,127.2669165,044-867-1108
158,약손한의원,한의원,"세종특별자치시 한누리대로 2236, 해들마을 6단지 상가동 2층 C214,C215호 (대평동)",36.4749937,127.2784625,044-867-1999
159,전의부부치과의원,치과의원,"세종특별자치시 전의면 운주산로 1191, 2층",36.6790502,127.2046789,044-862-2280
160,연세탑치과의원,치과의원,"세종특별자치시 조치원읍 조치원8길 6, 2층",36.6013618,127.3004525,044-863-2844
161,세종성모내과의원,의원,"세종특별자치시 한누리대로 492, 청암빌딩 401,402호 (어진동)",36.5073391,127.2622843,044-905-0606
162,서문365정형외과의원,의원,"세종특별자치시 한누리대로 2281, SM메디컬센터 3층 (대평동)",36.4712307,127.2758225,044-868-1039
163,세종고려정형외과의원,의원,"세종특별자치시 한누리대로 2143, 금강시티타워 303~306호 (보람동)",36.4779787,127.2885798,044-865-3888
164,다정소아청소년과의원,의원,"세종특별자치시 다정북로 109, 204,205호 (다정동, 가온마을3단지)",36.4973531,127.2425836,044-998-7711
165,해들치과의원,치과의원,"세종특별자치시 한누리대로 2257, 판타지타워 305호 (대평동)",36.4726802,127.2778762,044-862-2804
166,코끼리마취통증의학과의원,의원,"세종특별자치시 보듬3로 150, 아름 행복타워 502호 (아름동)",36.5122573,127.2430165,044-862-7505
167,세종김안과의원,의원,"세종특별자치시 보듬3로 150, 아름 행복타워 5층 501,502,503호 (아름동)",36.5122573,127.2430165,044-864-2360
168,서울아산내과의원,의원,"세종특별자치시 조치원읍 새내로 97, 2층, 7층",36.6003728,127.2980352,044-862-7559
169,세종제일산부인과의원,의원,"세종특별자치시 한누리대로 2265, 세종메디컬센터 5층, 6층층 (대평동)",36.4721655,127.277306,044-866-3582
170,해들한의원,한의원,"세종특별자치시 한누리대로 2265, 세종메디컬센터 302,303호 (대평동)",36.4721655,127.277306,044-868-7910
171,소망안과의원,의원,"세종특별자치시 한누리대로 2018, 사이언스타운 307,308호 (소담동)",36.4847449,127.2993181,044-868-8224
172,경희으뜸한의원,한의원,"세종특별자치시 다정중앙로 51, 더다정빌딩 2층 203호 (다정동)",36.4950124,127.2485612,044-868-1375
173,김만주정성치과의원,치과의원,"세종특별자치시 소담1로 16, 지엘플렉스2 404호 (소담동)",36.4845533,127.3011103,044-865-2080
174,이제한의원,한의원,"세종특별자치시 새롬중앙로 67, 오렌지빌딩 302, 303호 (새롬동)",36.4867617,127.2501362,044-715-7505
175,다정내과의원,의원,"세종특별자치시 다정중앙로 57, 다정센타프라자 306,307호 (다정동)",36.4956245,127.2485187,044-864-1911
176,엔연세감동치과의원,치과의원,"세종특별자치시 새롬중앙로 33, 새뜸프라자 303, 304호 (새롬동)",36.4839577,127.2518288,044-868-7523
177,연세올바른치과의원,치과의원,"세종특별자치시 다정중앙로 58, 다정메디프라자 302,303호 (다정동)",36.495623,127.249222,044-862-2622
178,라비에피부과의원,의원,"세종특별자치시 다정중앙로 51, 더다정빌딩 501,502,503호 (다정동)",36.4950124,127.2485612,044-864-5005
179,도치소아치과의원,치과의원,"세종특별자치시 다정중앙로 51, 더다정빌딩 505호 (다정동)",36.4950124,127.2485612,044-865-5200
180,도란도란소아청소년과의원,의원,"세종특별자치시 다정중앙로 57, 다정센타프라자 303호 (다정동)",36.4956245,127.2485187,044-863-3275
181,아름누리소아청소년과의원,의원,"세종특별자치시 한누리대로 2022, 아이콤스타타워 402,403호 (소담동)",36.4844944,127.2991099,044-865-7522
182,이룸한의원,한의원,"세종특별자치시 보듬4로 9, 4F-6호, 4F-7호호 (도담동, 도램마을11단지)",36.5137167,127.2600833,044-863-4107
183,세종숲정신건강의학과의원,의원,"세종특별자치시 도움1로 106, 메가시티 3층 301호 (종촌동)",36.5026153,127.2481851,044-865-7560
184,서산부인과의원,의원,"세종특별자치시 보듬3로 150, 아름 행복타워 3,4층 (아름동)",36.5122573,127.2430165,044-905-3575
185,하나로내과의원,의원,"세종특별자치시 조치원읍 새내로 102, 1,2층",36.6009987,127.2983582,044-862-5900
186,세종우리의원,의원,"세종특별자치시 다정중앙로 52, 페스티발2 510,511,512,513호 (다정동)",36.4951769,127.2492548,044-867-1170
187,연세세브란스치과의원,치과의원,"세종특별자치시 다정중앙로 57, 다정센타프라자 305호 (다정동)",36.4956245,127.2485187,044-715-5000
188,연세정담정신건강의학과의원,의원,"세종특별자치시 한누리대로 499, 세종포스트빌딩 201-3,301호 (어진동)",36.5082836,127.2612436,044-866-3824
189,블랑피부과의원,의원,"세종특별자치시 절재로 194, 중앙타운 301호,302(일부)호 (어진동)",36.5082505,127.2624711,044-905-1100
190,경희부부한의원,한의원,"세종특별자치시 절재로 194, 중앙타운 301호 (어진동)",36.5082505,127.2624711,044-905-2200
191,서울삼성이비인후과의원,의원,"세종특별자치시 한누리대로 275, 형성프라자 401~404호 (나성동)",36.4851947,127.2620853,044-864-1864
192,코끼리소아청소년과의원,의원,"세종특별자치시 한누리대로 2012, 코끼리타워 401호,402호 (소담동)",36.4853735,127.2998425,044-867-8867
193,정마취통증의학과의원,의원,"세종특별자치시 한누리대로 2016, 타임빌딩 401호,402호 (소담동)",36.4850762,127.2996161,044-905-3300
194,미애로여성의원,의원,"세종특별자치시 한누리대로 253, 에스빌딩 603호,604호 (나성동)",36.4866841,127.2570939,044-863-7475
195,바로선한의원,한의원,"세종특별자치시 새롬중앙로 33, 새뜸프라자 302호 (새롬동)",36.4839577,127.2518288,044-865-8572
196,서울굿닥터의원,의원,"세종특별자치시 새롬중앙로 55, 3층 (새롬동, 행운빌딩)",36.4856879,127.2503691,044-867-9933
197,고운소아청소년과의원,의원,"세종특별자치시 남세종로 454, 405호 (보람동, 강남제일타워)",36.477293,127.28961,044-868-9545
198,경희바른몸한의원,한의원,"세종특별자치시 한누리대로 2022, 504호,505호 (소담동, 아크레타 아이콤스타타워)",36.4844685,127.2991635,044-868-1015
199,연세감동치과의원,치과의원,"세종특별자치시 한누리대로 2022, 404호,405호 (소담동, 아크레타 아이콤스타타워)",36.4844685,127.2991635,044-868-7522
200,초목한의원,한의원,"세종특별자치시 새롬중앙로 55, 201호 (새롬동, 행운빌딩)",36.4856879,127.2503691,044-868-7520
201,남부통합보건지소,보건지소,"세종특별자치시 새롬로 14, 3층 (새롬동)",36.4861265,127.2565186,044-301-2400
202,소담튼튼소아청소년과의원,의원,"세종특별자치시 한누리대로 2016, 404호,405호 (소담동, 타임빌딩)",36.4850762,127.2996161,044-868-8276
203,새롬정형외과의원,의원,"세종특별자치시 새롬중앙로 34, 415호,416호,417호 (새롬동, 크리스마스빌딩)",36.4845698,127.2524441,044-998-3369
204,드림내과의원,의원,"세종특별자치시 새롬중앙로 55, 401호,402호403호 (새롬동, 행운빌딩)",36.4856879,127.2503691,044-715-7582
205,드림이비인후과의원,의원,"세종특별자치시 남세종로 458, 아리랑빌딩 201,202호 (보람동)",36.4770449,127.2892331,044-865-1275
206,세종드림연합의원,의원,"세종특별자치시 한누리대로 2264, 3층 (대평동, 씨티오브드림)",36.472904,127.2767942,1577-4713
207,제일연합내과의원,의원,"세종특별자치시 새롬중앙로 62-15, 401호,402(일부)호 (새롬동, 해피라움W)",36.4869109,127.2511677,044-715-5501
208,힘내라신경외과의원,의원,"세종특별자치시 새롬중앙로 67, 503호,504호,505호,506호 (새롬동, 오렌지빌딩)",36.486892,127.250231,044-417-6881
209,새온치과의원,치과의원,"세종특별자치시 새롬중앙로 67, 304호 (새롬동, 오렌지빌딩)",36.4867617,127.2501362,044-867-2842
210,금동치과의원,치과의원,"세종특별자치시 새롬중앙로 62-15, 505호 (새롬동, 해피라움W)",36.4869109,127.2511677,044-866-9037
211,세종탑치과의원,치과의원,"세종특별자치시 새롬중앙로 59, 303호 (새롬동, 새롬빌딩)",36.4860713,127.2502089,044-715-7528
212,새롬한의원,한의원,"세종특별자치시 새롬중앙로 51, 303호 (새롬동, 에스월드빌딩)",36.4854466,127.2504332,044-863-8375
213,청심당한의원,한의원,"세종특별자치시 남세종로 454, 403호 (보람동, 강남제일타워)",36.477293,127.28961,044-866-1875
214,이안정신건강의학과의원,의원,"세종특별자치시 한누리대로 273, 307호,402호,606~607호,706~707호호 (나성동)",36.4884829,127.2564969,044-999-1102
215,우리연합의원,의원,"세종특별자치시 남세종로 454, 404호 (보람동, 강남제일타워)",36.477293,127.28961,044-867-7803
216,제이와이치과의원,치과의원,"세종특별자치시 새롬중앙로 64, 404호 (새롬동, 세종영광프라자)",36.4865899,127.2510153,044-867-5600
217,다정한의원,한의원,"세종특별자치시 새롬중앙로 59, 302호 (새롬동, 새롬빌딩)",36.4860713,127.2502089,044-868-1090
218,새롬숲치과의원,치과의원,"세종특별자치시 새롬중앙로 34, 311호 (새롬동, 크리스마스빌딩)",36.4845698,127.2524441,044-999-2577
219,세종스타치과의원,치과의원,"세종특별자치시 나성로 125-16, 7~8층 (나성동, 스타타워)",36.4900912,127.2577622,044-905-2222
220,무지개소아청소년과의원,의원,"세종특별자치시 소담1로 16, 406호 (소담동, 지엘플렉스2)",36.4845533,127.3011103,044-862-0507
221,사상참경희한의원,한의원,"세종특별자치시 새롬중앙로 34, 408호 (새롬동, 크리스마스빌딩)",36.4845698,127.2524441,044-999-1075
222,바른우리치과교정과치과의원,치과의원,"세종특별자치시 새롬중앙로 64, 301~302호 (새롬동, 세종영광프라자)",36.4865899,127.2510153,044-998-2080
223,소담내과의원,의원,"세종특별자치시 한누리대로 2016, 302~309호 (소담동, 타임빌딩)",36.4850762,127.2996161,044-863-4100
224,오라클피부과의원,의원,"세종특별자치시 한누리대로 245, 404~405호 (나성동, 에스알파크원)",36.4853596,127.2618883,044-868-0075
225,유심한의원,한의원,"세종특별자치시 부강면 부강로 42, 105.106.107호",36.5297419,127.366179,044-868-0375
226,세종연세소아청소년과의원,의원,"세종특별자치시 새롬중앙로 47, 402~403호 (새롬동, 세움빌딩)",36.4848805,127.2507958,044-867-9393
227,이유경내과의원,의원,"세종특별자치시 한누리대로 2265, 세종메디컬센터 3층 304~306호 (대평동)",36.4721655,127.277306,044-868-0261
228,세종가톨릭정형외과의원,의원,"세종특별자치시 도움1로 106, 401~402호,405~408호,416호 (종촌동, 메가시티)",36.5026153,127.2481851,044-867-7171
229,상쾌한이비인후과의원,의원,"세종특별자치시 새롬중앙로 59, 403호 (새롬동, 새롬빌딩)",36.4860713,127.2502089,044-862-7584
230,평화당한의원,한의원,"세종특별자치시 새롬중앙로 47, 304호 (새롬동, 세움빌딩)",36.4848805,127.2507958,044-864-7600
231,심치과의원,치과의원,"세종특별자치시 새롬중앙로 47, 405호 (새롬동, 세움빌딩)",36.4848805,127.2507958,044-862-2871
232,더블유성형외과의원,의원,"세종특별자치시 한누리대로 245, 401호 (나성동, 에스알파크원)",36.4862596,127.2630024,044-863-6673
233,봄뜰부부한의원,한의원,"세종특별자치시 남세종로 466, 303호 (보람동, 아평빌딩)",36.476702,127.2884254,044-862-6193
234,소리숨이비인후과의원,의원,"세종특별자치시 나성로 96, 더센트럴 421호 (나성동)",36.486721,127.2582671,044-868-1177
235,서울소담치과의원,치과의원,"세종특별자치시 한누리대로 2018, 304~305호 (소담동, 사이언스타운)",36.4847449,127.2993181,044-865-2811
236,세종소담한의원,한의원,"세종특별자치시 한누리대로 2018, 407~408호 (소담동, 사이언스타운)",36.4847449,127.2993181,044-862-3500
237,두미소신경과의원,의원,"세종특별자치시 한누리대로 249, 에스제이타워 408~410,507호 (나성동)",36.4845984,127.2584531,044-867-6119
238,세종국민건강의원,의원,"세종특별자치시 가온로 8, 혜원빌딩 2~3층 (다정동)",36.4914892,127.2552086,1522-3466
239,코알이비인후과의원,의원,"세종특별자치시 한누리대로 2018, 사이언스타운 4층 403~406호 (소담동)",36.4847449,127.2993181,044-865-3650
240,연세고마운치과의원,치과의원,"세종특별자치시 한누리대로 249, 406~407호 (나성동, 에스제이타워)",36.4864249,127.2609,044-866-2872
241,열린이비인후과의원,의원,"세종특별자치시 다정중앙로 45, 다정프라자 304호~305호 (다정동)",36.494445,127.2485599,044-867-7550
242,세종보람치과의원,치과의원,"세종특별자치시 남세종로 466, 403호 (보람동, 아평빌딩)",36.476702,127.2884254,044-863-7522
243,웰에스테의원,의원,"세종특별자치시 도움1로 106, 메가시티 409호 (종촌동)",36.5026153,127.2481851,044-863-8271
244,세종성모소아청소년과의원,의원,"세종특별자치시 한누리대로 2129, 스타힐타워Ⅱ 401~405,409,412~415호 (보람동)",36.4782996,127.2892998,044-865-4003
245,드림여성한의원,한의원,"세종특별자치시 보듬3로 143, 402호 (아름동, 대영프라자)",36.5115351,127.243696,044-865-7765
246,강남 더 뷰티 성형외과의원,의원,"세종특별자치시 한누리대로 169, 스타벅스 행복타워 303호,305호,308호 (나성동)",36.4802459,127.2618184,044-864-8008
247,참좋아치과의원,치과의원,"세종특별자치시 보듬3로 143, 304,305,306호 (아름동, 대영프라자)",36.5115351,127.243696,044-864-8575
248,일희재한의원,한의원,"세종특별자치시 한누리대로 249, 307호 (나성동, 에스제이타워)",36.4845984,127.2584531,044-867-6262
249,현대정형외과의원,의원,"세종특별자치시 조치원읍 새내로 63, 2층",36.5976765,127.2985507,044-862-5161
250,나은정형외과의원,의원,"세종특별자치시 보듬3로 143, 502,503호 (아름동, 대영프라자)",36.5115351,127.243696,044-863-7579
251,금강한의원,한의원,"세종특별자치시 조치원읍 조치원로 22, 4층",36.6011379,127.2991637,044-862-5310
252,서울아산신경외과의원,의원,"세종특별자치시 나성북로 9, 701,702호 (나성동, 메가타워1)",36.4896498,127.2578632,044-868-5288
253,장효길한의원,한의원,"세종특별자치시 한누리대로 2143, 407호 (보람동, 금강시티타워)",36.4779787,127.2885798,044-867-8758
254,더플랜트치과의원,치과의원,"세종특별자치시 아름서1길 13-12, 403,404호 (아름동, 제이디빌딩)",36.5116352,127.2432425,044-998-2875
255,백앤미의원,의원,"세종특별자치시 절재로 194, 510호 (어진동, 중앙타운)",36.5082505,127.2624711,044-868-9617
256,경희고운한의원,한의원,"세종특별자치시 마음로 264, 301층 (고운동, 고운프라자)",36.5192791,127.2346597,044-864-9575
257,세종프라임치과의원,치과의원,"세종특별자치시 한누리대로 499, 402호 (어진동, 세종미디어프라자)",36.5038336,127.2547988,044-868-3522
258,수치과의원,치과의원,"세종특별자치시 절재로 194, 508호 (어진동, 중앙타운)",36.5082505,127.2624711,044-864-5369
259,이사랑치과의원,치과의원,"세종특별자치시 한누리대로 2257, 판타지타워 203호 (대평동)",36.4726802,127.2778762,044-868-0037
260,현가한의원,한의원,"세종특별자치시 조치원읍 새내10길 12, 2층",36.6002088,127.2991041,044-865-1075
261,한사랑의원,의원,"세종특별자치시 도움1로 106, 메가시티 501,505,506,507호 (종촌동)",36.5026153,127.2481851,044-867-3569
262,고운마음한의원,한의원,"세종특별자치시 고운서길 19, 304호 (고운동, 스마트큐브1)",36.505846,127.2339926,044-863-7517
263,세종미소치과의원,치과의원,"세종특별자치시  한누리대로 2135, 302,303,301호 (보람동, 스타힐타워1) (보람동)",36.4739374,127.2926125,044-864-4936
264,서울삼성안과의원,의원,"세종특별자치시 도움1로 106, 메가시티 403,404,414호 (종촌동)",36.5026153,127.2481851,044-862-0014
265,세종항도외과의원,의원,"세종특별자치시 한누리대로 253, 503호 (나성동, 에스빌딩)",36.4866841,127.2570939,044-867-4475
266,삼성온가족치과의원,치과의원,"세종특별자치시 도움1로 106, 510호 (종촌동, 메가시티)",36.5026811,127.2481373,044-865-2843
267,라온소아청소년과의원,의원,"세종특별자치시 새롬중앙로 62-15, 해피라움W 303,304호 (새롬동)",36.4869109,127.2511677,044-866-1350
268,산돌한의원,한의원,"세종특별자치시 도움1로 106, 메가시티 502,508,509,514호 (종촌동)",36.5026153,127.2481851,044-865-7585
269,유소아청소년과의원,의원,"세종특별자치시 도움1로 108, 408.409호 (종촌동, 몰리브)",36.5026493,127.2475352,044-866-8025
270,세종시원마취통증의학과의원,의원,"세종특별자치시 보듬3로 100, 해피라움1 201~203호 (아름동)",36.5119329,127.2485182,044-867-7585
271,세종우리성모안과의원,의원,"세종특별자치시 한누리대로 273, 601~604호 (나성동)",36.4884829,127.2564969,044-864-3370
272,매일연합의원,의원,"세종특별자치시 절재로 154, 1층 (어진동, 홈플러스 세종점)",36.5073165,127.2588611,044-864-7975
273,올마취통증의학과의원,의원,"세종특별자치시 도움3로 105-7, 403.404.405호 (종촌동, 메디케어)",36.5045207,127.2496465,044-863-0648
274,브이유의원,의원,"세종특별자치시 나성북로 21, 센트럴타워 506호 (나성동)",36.4898147,127.258937,044-866-6222
275,도담민들레치과의원,치과의원,"세종특별자치시 보듬3로 8-27, 403-1호 (도담동, 새한빌딩)",36.5146653,127.2578335,044-865-0102
276,세종함소아한의원,한의원,"세종특별자치시 보듬3로 143, 405,406호 (아름동, 대영프라자)",36.5115351,127.243696,044-868-8333
277,세종금남치과의원,치과의원,"세종특별자치시 금남면 용포로 80, 2층",36.4657632,127.2815069,044-863-5275
278,연세럭스치과의원,치과의원,"세종특별자치시 보듬3로 100, 해피라움1 204,205호 (아름동)",36.5119329,127.2485182,044-864-2804
279,에이스한의원,한의원,"세종특별자치시 보듬3로 100, 405-2호 (아름동, 해피라움1)",36.5119329,127.2485182,044-867-1076
280,365 열린연합의원,의원,"세종특별자치시 마음로 74, 302.303호 (고운동, 그랜드프라자)",36.5052589,127.2339021,044-864-7757
281,박소영한의원,한의원,"세종특별자치시 도움1로 108, 413호 (종촌동, 몰리브)",36.5026493,127.2475352,044-865-7075
282,세종제이피부과의원,의원,"세종특별자치시 보듬3로 92, 해피라움2 403,404,405호 (아름동)",36.511737,127.2497282,044-865-1675
283,숨편한한의원,한의원,"세종특별자치시 도움1로 108, 402-2.420호 (종촌동, 몰리브)",36.5026493,127.2475352,044-866-0175
284,화이트부부치과의원,치과의원,"세종특별자치시 도움1로 108, 410.411호 (종촌동, 몰리브)",36.5026493,127.2475352,044-865-2835
285,최훈내과의원,의원,"세종특별자치시 보듬3로 91, 303.304호 (아름동, 해피라움4)",36.5113818,127.2495315,044-865-5575
286,연세크리스마스치과의원,치과의원,"세종특별자치시 마음로 70, 302.303호 (고운동, 에셀프라자)",36.5050737,127.2344,044-865-2075
287,스마일치과의원,치과의원,"세종특별자치시 마음로 74, 그랜드프라자 202,203호 (고운동)",36.5052589,127.2339021,044-863-8575
288,광제중국한의원,한의원,"세종특별자치시 조치원읍 조치원로 42, 2층",36.6014279,127.3015584,044-865-8338
289,이병진치과의원,치과의원,"세종특별자치시 조치원읍 조치원로 7, 3층",36.6014534,127.297612,044-862-2812
290,자연치유한의원,한의원,"세종특별자치시 금남면 청룡안길 114-112, 1.2동 2.3층",36.4494304,127.3248224,044-864-0080
291,위대한내과의원,의원,"세종특별자치시 절재로 194, 505호,506호 (어진동, 중앙타운)",36.5082505,127.2624711,044-865-3375
292,세종연합비뇨기과의원,의원,"세종특별자치시 한누리대로 273, 새롬씨티 403,404,407,408호 (나성동)",36.4863319,127.2605704,044-867-2800
293,스마트정신건강의학과의원,의원,"세종특별자치시 절재로 194, 504호 (어진동, 세종드림)",36.5082505,127.2624711,044-862-7392
294,아이닉안과의원,의원,"세종특별자치시 절재로 194, 403,404호 (어진동, 세종드림)",36.5082505,127.2624711,044-868-1288
295,고운맘소아청소년과의원,의원,"세종특별자치시 마음로 70, 304호 (고운동, 에셀프라자)",36.5050737,127.2344,044-862-5252
296,두리이비인후과의원,의원,"세종특별자치시 절재로 194, 중앙타운 801,802호 (어진동)",36.5082505,127.2624711,044-865-7577
297,삼성마음그린정신건강의학과의원,의원,"세종특별자치시 한누리대로 253, 에스빌딩 301호,505호 (나성동)",36.4866841,127.2570939,044-867-1000
298,제일마취통증의학과의원,의원,"세종특별자치시 절재로 194, 604호 (어진동, 세종드림)",36.5082505,127.2624711,044-862-0008
299,서울봄빛치과의원,치과의원,"세종특별자치시 절재로 194, 중앙타운 401,402,405호 (어진동)",36.5082505,127.2624711,044-867-1575
300,행복경희한의원,한의원,"세종특별자치시 고운서길 10, 303호 (고운동, 대현빌딩)",36.5055296,127.2351933,044-867-7599
301,성원치과의원,치과의원,"세종특별자치시 절재로 194, 408.409호 (어진동, 세종드림)",36.5082505,127.2624711,044-868-6091
302,세종다사랑가정의학과의원,의원,"세종특별자치시 도움3로 105-7, 401호 (종촌동, 메디케어)",36.5045207,127.2496465,044-863-7523
303,패밀리치과의원,치과의원,"세종특별자치시 달빛로 47, 301호 (종촌동, 종촌파크프라자)",36.5031538,127.249892,044-866-2804
304,세종시365으랏차한의원,한의원,"세종특별자치시 절재로 194, 407호 (어진동, 세종드림)",36.5082505,127.2624711,044-864-5671
305,맑은내과외과의원,의원,"세종특별자치시 달빛로 45, The Riverside 401~404, 503호 (종촌동)",36.5029373,127.249969,044-863-6777
306,첫마을치과의원,치과의원,"세종특별자치시 한누리대로 165, 세종메디피아 302,303호 (나성동)",36.4798954,127.2619433,044-867-2275
307,세종 정형외과의원,의원,"세종특별자치시 한누리대로 583, 도담센트럴프라자 501,502,506호 (도담동)",36.5196437,127.2623921,044-867-2191
308,세종 쉼 정신건강의학과의원,의원,"세종특별자치시 한누리대로 583, 503호 (도담동, 도담센트럴프라자)",36.5195359,127.2618503,044-864-1181
309,세종내과의원,의원,"세종특별자치시 보듬3로 6, 204.205호 (도담동, 라온프라이빗시티2상가)",36.5134258,127.2587981,044-868-1070
310,건강한 가족의원,의원,"세종특별자치시 보듬3로 8-12, 101-2.102호 (도담동, 라온프라이빗시티1상가)",36.5134258,127.2587981,044-858-7555
311,세종퍼스트피부과의원,의원,"세종특별자치시 달빛로 59, 호만빌딩 601~603호 (종촌동)",36.5042148,127.2497583,044-864-9969
312,세종미즈산부인과의원,의원,"세종특별자치시 도움3로 105-5, 504호 (종촌동, 종촌중앙프라자)",36.504743,127.2494236,044-868-3582
313,유 앤이 내과의원,의원,"세종특별자치시 도움3로 105-5, 501.502.503.507호 (종촌동, 종촌중앙프라자)",36.504743,127.2494236,044-862-7511
314,신 치과의원,치과의원,"세종특별자치시 장군면 장척로 407, 2층",36.4975413,127.2057312,044-864-2827
315,율제한의원,한의원,"세종특별자치시 도움3로 105-7, 302호 (종촌동, 메디케어빌딩)",36.5044345,127.2496036,044-417-1585
316,세종연세에스의원,의원,"세종특별자치시 한누리대로 265, 명동프라자 403~405호 (나성동)",36.4853596,127.2618883,044-864-8610
317,웰키즈소아청소년과의원,의원,"세종특별자치시 보듬3로 95, 해피라움3 307,308,309-1,310-2,401~5,410,603~8,705~6호(아름동) (아름동)",36.5114366,127.2486612,044-868-4880
318,서울바른이치과의원,치과의원,"세종특별자치시 다정중앙로 39, 다정센터프라자2 504호 (다정동)",36.4940293,127.2484494,044-863-2282
319,도담도담 소아청소년과의원,의원,"세종특별자치시 보듬3로 6, 212호 (도담동, 라온프라이빗시티2상가)",36.5134258,127.2587981,044-867-3211
320,세종 어린이 치과의원,치과의원,"세종특별자치시 보듬3로 91, 305호 (아름동, 해피라움4상가)",36.5113818,127.2495315,044-865-7502
321,모드니 치과의원,치과의원,"세종특별자치시 금송로 687, 3층 (가람동, 이마트세종점)",36.4708431,127.2506265,044-864-2876
322,우리치과의원,치과의원,"세종특별자치시 도움3로 105-5, 402.403호 (종촌동, 종촌중앙프라자)",36.504743,127.2494236,1096
323,바른명치과의원,치과의원,"세종특별자치시 한누리대로 583, 도담센트럴프라자 302,303,304,504,505호 (도담동)",36.519607,127.2622079,044-864-2824
324,좋은하루이비인후과의원,의원,"세종특별자치시 보듬4로 9, 3층 6,7호 (도담동, 도램마을11단지)",36.5137167,127.2600833,044-998-7582
325,좋은하루 치과의원,치과의원,"세종특별자치시 보듬4로 9, 3층 8,9호 (도담동, 도램마을11단지)",36.5137167,127.2600833,044-998-7599
326,맘애든치과의원,치과의원,"세종특별자치시 도움3로 105-8, 501.502호 (종촌동, 신목빌딩)",36.5043139,127.2492167,044-862-2874
327,경희한의원,한의원,"세종특별자치시 한누리대로 583, 도담센트럴프라자 403호 (도담동)",36.5075842,127.252938,044-862-1025
328,씨엘비뇨기과의원,의원,"세종특별자치시 도움3로 105-5, 603.604호 (종촌동, 종촌중앙프라자)",36.504743,127.2494236,044-865-0052
329,계림한의원,한의원,"세종특별자치시 다정중앙로 58, 다정메디프라자 403호 (다정동)",36.495623,127.249222,044-868-2355
330,두치과의원,치과의원,"세종특별자치시 달빛로 59, 402.403.404호 (종촌동, 호만빌딩)",36.5042148,127.2497583,044-868-2877
331,바른한의원,한의원,"세종특별자치시 달빛로 59, 호만빌딩 203호,301호,302호 (종촌동)",36.5042272,127.2497555,044-868-0380
332,정토한의원,한의원,"세종특별자치시 보듬3로 92, 303호 (아름동, 해피라움2상가)",36.511737,127.2497282,044-863-7588
333,세종서울치과의원,치과의원,"세종특별자치시 도움3로 105-7, 501호 (종촌동, 메디케어빌딩)",36.5044345,127.2496036,044-863-7528
334,우리이비인후과의원,의원,"세종특별자치시 보듬3로 92, 409호 (아름동, 해피라움2상가)",36.511737,127.2497282,044-865-8575
335,세움치과의원,치과의원,"세종특별자치시 보듬3로 92, 310호 (아름동, 해피라움2상가)",36.511737,127.2497282,044-862-2755
336,세움소아청소년과의원,의원,"세종특별자치시 보듬3로 92, 310호 (아름동, 해피라움2상가)",36.511737,127.2497282,044-862-6075
337,세종속편한내과의원,의원,"세종특별자치시 보듬3로 95, 해피라움3 3층 301,302,304-2,305호 (아름동)",36.5114366,127.2486612,044-862-1401
338,세종아이소아청소년과의원,의원,"세종특별자치시 달빛로 59, 303.304호 (종촌동, 호만빌딩)",36.5042148,127.2497583,044-864-0800
339,세종베스트치과의원,치과의원,"세종특별자치시 보듬3로 92, 407.408호 (아름동, 해피라움2상가)",36.511737,127.2497282,044-865-7528
340,강남치과의원,치과의원,"세종특별자치시 금남면 용포로 63, 2층",36.4643689,127.2806801,044-867-7528
341,아름치과의원,치과의원,"세종특별자치시 보듬3로 92, 206.207호 (아름동, 해피라움2상가)",36.511737,127.2497282,044-863-2833
342,크로바내과의원,의원,"세종특별자치시 한누리대로 253, 606~607호 (나성동, 에스빌딩)",36.4866841,127.2570939,044-863-7975
343,킹세종 이비인후과의원,의원,"세종특별자치시 한누리대로 492, 청암빌딩 303,304호 (어진동)",36.5073391,127.2622843,044-868-1443
344,세종반석정형외과의원,의원,"세종특별자치시 한누리대로 157, 601-609호 (나성동, 금강프라자)",36.4791529,127.2624012,044-863-7551
345,아름 한의원,한의원,"세종특별자치시 보듬3로 104-19, 303호 (아름동, 세석빌딩)",36.5122553,127.2498473,044-868-9600
346,세종마취통증의학과의원,의원,"세종특별자치시 한누리대로 193, 402호 (나성동, 참미르빌딩)",36.4820636,127.2605158,044-863-7582
347,박승룡한의원,한의원,"세종특별자치시 달빛로 47, 202호 (종촌동, 종촌파크프라자)",36.5031538,127.249892,044-867-2075
348,지에프정형외과의원,의원,"세종특별자치시 달빛로 43, 3층 (종촌동, 금강빌딩)",36.5027225,127.2500324,044-868-7506
349,서울굿모닝치과의원,치과의원,"세종특별자치시 도움3로 105-5, 505.506호 (종촌동, 종촌중앙프라자)",36.504743,127.2494236,044-865-2833
350,이삭소아청소년과의원,의원,"세종특별자치시 한누리대로 169, 세종행복타워 301,307,401호 (나성동)",36.4862596,127.2630024,044-865-8275
351,곰돌이 소아청소년과의원,의원,"세종특별자치시 달빛로 47, 302호 (종촌동, 종촌파크프라자)",36.5031538,127.249892,044-866-0275
352,서울좋은치과의원,치과의원,"세종특별자치시 한누리대로 193, 301호 (나성동, 참미르빌딩)",36.4820636,127.2605158,044-862-7528
353,세종상신한의원,한의원,"세종특별자치시 한누리대로 193, 303호 (나성동, 참미르메디칼)",36.4843335,127.2677211,044-867-8275
354,한사랑메디칼의원,의원,"세종특별자치시 누리로 106, 302호 (한솔동, 송원프라자)",36.4798327,127.2526672,044-866-7580
355,세종프라우메디산부인과의원,의원,"세종특별자치시 한누리대로 165 (나성동, 세종메디피아6,7층)",36.4798954,127.2619433,044-716-1000
356,누리마루치과의원,치과의원,"세종특별자치시 도움8로 81, A동 301호 (어진동)",36.5046297,127.2705662,044-865-2275
357,새봄빛한의원,한의원,"세종특별자치시 부강면 부강로 53, 2층 201호 (세종클리닉)",36.5304935,127.3650232,044-868-1075
358,세종대일당한의원,한의원,"세종특별자치시 한누리대로 157 (나성동, 금강프라자 503호)",36.4791529,127.2624012,044-866-0002
359,세종플란트 치과의원,치과의원,"세종특별자치시 한누리대로 157 (나성동, 금강프라자,304호)",36.4791529,127.2624012,044-868-2875
360,유한의원,한의원,"세종특별자치시 조치원읍 군청로 88, 1층",36.5925879,127.2937927,044-868-9677
361,세종경희한의원,한의원,"세종특별자치시 한누리대로 165, 세종메디피아 310호 (나성동)",36.4798954,127.2619433,044-864-1075
362,임재욱한의원,한의원,세종특별자치시 조치원읍 충현로 47,36.5933146,127.2979912,044-862-3333
363,햇님한의원,한의원,"세종특별자치시 소담1로 16, 지엘플렉스2 302호 (소담동)",36.4845533,127.3011103,044-866-6777
364,세종치과의원,치과의원,"세종특별자치시 전의면 만세길 5, 2층",36.6790045,127.2039071,044-862-7035
365,여러분소통내과의원,의원,"세종특별자치시 조치원읍 새내로 88-1, 3층",36.5997214,127.2986365,044-864-7588
366,한솔퍼스트치과의원,치과의원,"세종특별자치시 새롬중앙로 62-15, 201호 (새롬동, 해피라움W)",36.4869109,127.2511677,044-866-2275
367,세종소아청소년과의원,의원,"세종특별자치시 한누리대로 157, 405호 (나성동, 금강프라자)",36.4791529,127.2624012,044-866-1275
368,최진웅치과의원,치과의원,"세종특별자치시 조치원읍 새내로 122, 메가박스(외 1필지 세종시네마 1동) 204호",36.6028353,127.2981478,044-866-2835
369,마음그린한의원,한의원,세종특별자치시 조치원읍 새내6길 3,36.5983944,127.2987745,044-866-7510
370,세종한의원,한의원,"세종특별자치시 금남면 용포로 64, 1.2층",36.4642527,127.2811532,044-866-2011
371,부강한의원,한의원,세종특별자치시 부강면 부강1길 5,36.5309289,127.3654767,044-275-8155
372,장동석내과의원,의원,"세종특별자치시 조치원읍 새내로 122, 메가박스 3층 306,307,308,309,310,311,312호",36.6030637,127.2981247,044-868-8841
373,둥구나무한의원,한의원,"세종특별자치시 금남면 용포로 80, 3층",36.4657632,127.2815069,044-866-7555
374,부강부부치과의원,치과의원,"세종특별자치시 부강면 부촌길 39, 1층",36.5296658,127.3667574,044-275-2855
375,행복한의원,한의원,세종특별자치시 장군면 장척로 405-2,36.4975083,127.2055639,044-856-0075
376,서울연합외과의원,의원,"세종특별자치시 조치원읍 조치원로 22, 3층",36.6011379,127.2991637,044-865-3838
377,원한의원,한의원,세종특별자치시 전의면 장터길 2-1,36.6790382,127.2049343,044-866-1122
378,부부치과의원,치과의원,"세종특별자치시 조치원읍 도원2로 39, 2층",36.5927073,127.2870141,044-868-2275
379,문치과의원,치과의원,세종특별자치시 조치원읍 대첩로 75,36.5946418,127.2878382,044-862-2875
380,플러스치과의원,치과의원,세종특별자치시 조치원읍 허만석로 60-1 (플러스타운 A동 201호),36.5864276,127.2983783,044-867-2870
381,부강면보건지소,보건지소,세종특별자치시 부강면 부강5길 38 (부강면사무소),36.5295251,127.371019,044-301-2232
382,대성한의원,한의원,세종특별자치시 조치원읍 도원2로 39,36.5927073,127.2870141,044-862-3375
383,경희일구한의원,한의원,세종특별자치시 조치원읍 새내로 88-2,36.5996206,127.2985905,044-863-7719
384,서울연합의원,의원,"세종특별자치시 소정면 소정구길 164, 103,201호",36.7186076,127.1569413,044-523-3375
385,김승환이비인후과의원,의원,세종특별자치시 조치원읍 새내로 88-1,36.5997214,127.2986365,044-862-8575
386,다솜가정의학과의원,의원,세종특별자치시 조치원읍 도원1로 16 (푸르지오 상가 208. 209호),36.5923161,127.2896392,044-865-0075
387,고명철정형외과의원,의원,세종특별자치시 조치원읍 새내로 77,36.5986676,127.2983228,044-865-3414
388,이은경소아청소년과의원,의원,세종특별자치시 조치원읍 새내로 77,36.5986676,127.2983228,044-868-3414
389,연세가정의학과의원,의원,세종특별자치시 조치원읍 대첩로 17,36.5953359,127.2941893,044-863-8275
390,제중한의원,한의원,세종특별자치시 조치원읍 조치원로 31-1,36.6017437,127.3002085,044-866-3331
391,다인치과의원,치과의원,"세종특별자치시 조치원읍 새내9길 3, 2,3층",36.6001854,127.298095,044-868-7527
392,하나의원,의원,"세종특별자치시 조치원읍 조치원로 42, 1층",36.6014279,127.3015584,044-864-7612
393,금빛한의원,한의원,"세종특별자치시 조치원읍 조치원4길 16, 1층",36.6007117,127.2986301,044-862-1358
394,서울신통마취통증의학과의원,의원,"세종특별자치시 조치원읍 새내로 97, 3층",36.6003728,127.2980352,044-862-7582
395,성모안과의원,의원,"세종특별자치시 조치원읍 새내로 97, 601호",36.6003728,127.2980352,044-868-0021
396,대중한의원,한의원,세종특별자치시 전의면 만세길 22,36.6789589,127.2044783,044-863-5253
397,홍은표외과의원,의원,"세종특별자치시 조치원읍 새내로 122, 메가박스 210~212호",36.6030637,127.2981247,044-863-7502
398,세종영상의학과의원,의원,"세종특별자치시 금남면 용포로 116, 3층",36.4688777,127.2812188,044-866-0009
399,보성치과의원,치과의원,세종특별자치시 조치원읍 조치원2길 5,36.6010047,127.2976092,044-865-8879
400,굿모닝가정의학과의원,의원,세종특별자치시 조치원읍 으뜸길 208,36.6007958,127.29705,044-868-7582
401,누가치과의원,치과의원,"세종특별자치시 조치원읍 새내로 88-1, 4층",36.5997214,127.2986365,044-864-2872
402,신화비뇨기과의원,의원,세종특별자치시 조치원읍 조치원1길 6,36.6014418,127.2975009,044-865-9999
403,예림한의원,한의원,세종특별자치시 연서면 당산로 345,36.5625278,127.2824726,044-868-8880
404,선비뇨기과의원,의원,세종특별자치시 조치원읍 조치원로 26,36.6013059,127.2995588,044-868-8866
405,부영의원,의원,"세종특별자치시 부강면 부강로 37-1, 1~2층",36.5292057,127.366051,044-275-3782
406,문내과의원,의원,세종특별자치시 조치원읍 조치원로 22,36.6011379,127.2991637,044-867-6551
407,이편한치과의원,치과의원,"세종특별자치시 조치원읍 새내로 97, 4층 1호",36.6003728,127.2980352,044-864-2875
408,연세신경외과의원,의원,세종특별자치시 조치원읍 새내로 75,36.5985174,127.2983516,044-865-2116
409,하얀치과의원,치과의원,세종특별자치시 조치원읍 조치원로 30,36.6013403,127.3000284,044-866-6200
410,한사랑산부인과의원,의원,"세종특별자치시 조치원읍 새내로 122 (세종시네마 1동 301호, 302호, 303호, 304호,305호)",36.6028641,127.2981461,044-867-8433
411,윤치과의원,치과의원,세종특별자치시 조치원읍 조치원로 38,36.601468,127.3009829,044-867-4112
412,부부내과의원,의원,세종특별자치시 금남면 용포로 113,36.4683516,127.2811865,044-866-0345
413,한마음의원,의원,세종특별자치시 부강면 부강4길 10,36.5290687,127.3675131,044-277-6446
414,양규준산부인과의원,의원,세종특별자치시 조치원읍 새내로 96,36.6004414,127.2984658,044-862-8811
415,제일신경과의원,의원,"세종특별자치시 조치원읍 새내로 88-1, 2층",36.5997214,127.2986365,044-862-8275
416,새서울치과의원,치과의원,세종특별자치시 금남면 용포로 113,36.4683516,127.2811865,044-866-2875
417,중앙의원,의원,세종특별자치시 전의면 읍내길 20,36.6811202,127.2044715,044-862-4408
418,서울치과의원,치과의원,"세종특별자치시 조치원읍 새내로 91, 1.2.3층",36.6000546,127.2981166,044-867-2875
419,이안과의원,의원,세종특별자치시 조치원읍 새내로 98,36.6006179,127.2984519,044-866-7863
420,소정면보건지소,보건지소,"세종특별자치시 소정면 소정구길 201, 소정면보건지소",36.7220221,127.1573556,044-301-2292
421,김내과의원,의원,세종특별자치시 조치원읍 새내로 98,36.6006179,127.2984519,044-862-3575
422,백상한의원,한의원,세종특별자치시 조치원읍 새내10길 13,36.6005026,127.2989289,044-865-0945
423,김진용치과의원,치과의원,세종특별자치시 조치원읍 조치원로 22,36.6011379,127.2991637,044-866-9281
424,우리들의원,의원,세종특별자치시 장군면 장척로 401,36.4972019,127.2052403,044-857-2345
425,정비뇨기과의원,의원,"세종특별자치시 조치원읍 새내로 97, 4층 402호",36.6003728,127.2980352,044-867-5350
426,유경의원,의원,세종특별자치시 부강면 부강2길 14,36.5301435,127.3671721,044-275-2160
427,장현진정형외과의원,의원,세종특별자치시 조치원읍 조치원로 62,36.6022631,127.3034431,044-863-1150
428,백내과의원,의원,"세종특별자치시 조치원읍 조치원2길 5, 2~4층",36.6010047,127.2976092,044-862-3838
429,성가정신건강의학과의원,의원,"세종특별자치시 조치원읍 새내로 97, 5층 1호",36.6003728,127.2980352,044-867-5357
430,중앙외과의원,의원,세종특별자치시 조치원읍 새내4길 3,36.5974223,127.2990807,044-867-0001
431,부강제일의원,의원,세종특별자치시 부강면 부강5길 11-1,36.5286418,127.368269,044-275-3330
432,태화당한의원,한의원,세종특별자치시 조치원읍 새내로 98,36.6006179,127.2984519,044-865-1991
433,송태영치과의원,치과의원,세종특별자치시 조치원읍 조치원로 31-1,36.6017437,127.3002085,044-865-2821
434,박성섭한의원,한의원,세종특별자치시 조치원읍 조치원4길 6,36.6011309,127.2986252,044-865-1985
435,누가연합의원,의원,세종특별자치시 전의면 읍내길 7,36.6800231,127.2044028,044-863-0494
436,부강수플란트치과의원,치과의원,세종특별자치시 부강면 부촌길 29,36.5289154,127.3672713,044-275-5585
437,서울외과의원,의원,세종특별자치시 조치원읍 새내로 68-1,36.5980589,127.2988656,044-863-4912
438,박종석치과의원,치과의원,세종특별자치시 조치원읍 장안로 1,36.6014248,127.3013959,044-862-4500
439,연동면보건지소,보건지소,"세종특별자치시 연동면 장욱진로 7, 연동면 복합커뮤니티센터",36.5553363,127.327369,044-301-2223
440,연기면보건지소,보건지소,"세종특별자치시 연기면 당산로 154, 지1층",36.5467961,127.2791847,044-301-2212
441,전의면보건지소,보건지소,세종특별자치시 전의면 만세길 20-12,36.6784959,127.204847,044-301-2273
442,와촌보건진료소,보건진료소,세종특별자치시 연서면 용연로 635,36.5567754,127.2463901,044-863-4700
443,쌍류보건진료소,보건진료소,세종특별자치시 연서면 도신고복로 427,36.5949569,127.2137747,044-863-0176
444,금남면보건지소,보건지소,세종특별자치시 금남면 용포로 59,36.4639373,127.2804911,044-301-2243
445,연서면보건지소,보건지소,세종특별자치시 연서면 대첩로 238,36.5924124,127.2714894,044-301-2262
446,전동면보건지소,보건지소,세종특별자치시 전동면 운주산로 386,36.6558026,127.264198,044-301-2282
447,장군면보건지소,보건지소,세종특별자치시 장군면 장척로 398-3,36.4966628,127.2051437,044-301-2252
448,성심외과의원,의원,세종특별자치시 조치원읍 새내로 113,36.6019336,127.2977101,044-865-3616
449,이내과의원,의원,세종특별자치시 조치원읍 조치원로 31,36.6017608,127.3000832,044-865-3571
450,송곡보건진료소,보건진료소,세종특별자치시 전동면 금이로 184,36.6308697,127.2693086,044-867-1665
451,세종특별자치시보건소,보건소,"세종특별자치시 조치원읍 대첩로 32, 세종특별자치시보건소",36.5959704,127.2926766,044-301-2000
452,응암보건진료소,보건진료소,세종특별자치시 연동면 송암로 246 (응암보건진료소),36.5573537,127.3413254,044-864-9202
453,이종선치과의원,치과의원,세종특별자치시 조치원읍 조치원로 31,36.6017608,127.3000832,044-865-6352
454,황용보건진료소,보건진료소,세종특별자치시 금남면 금남구즉로 487,36.48037,127.3293327,044-867-8865
455,양곡보건진료소,보건진료소,세종특별자치시 전의면 양지편길 17 (양곡보건진료소),36.6407065,127.1778925,044-867-3471
456,송학보건진료소,보건진료소,세종특별자치시 장군면 황미창말길 5-4 (송학보건진료소),36.5379414,127.1904219,044-852-0564
457,전의의원,의원,세종특별자치시 전의면 읍내길 13,36.6804545,127.2042878,044-863-2828
